Season,Week,Actual_Eliminated,Simulated_Elim_Rank,Simulated_Elim_Percent,Simulated_Elim_Save,Is_Reversal,Is_Saved,Is_Injustice,Judge_Rank,Fan_Rank,Num_Contestants
1,2,Trista Sutter,Joey McIntyre,Trista Sutter,Trista Sutter,True,False,True,3.0,1.0,6
1,3,Evander Holyfield,Kelly Monaco,Evander Holyfield,Evander Holyfield,True,False,True,1.0,1.0,5
1,4,Rachel Hunter,John O'Hurley,Rachel Hunter,Joey McIntyre,True,True,True,3.0,1.0,4
2,1,Kenny Mayne,Drew Lachey,Kenny Mayne,Master P,True,True,True,2.0,1.0,10
2,2,Tatum O'Neal,George Hamilton,Tatum O'Neal,Tatum O'Neal,True,False,True,2.0,1.0,9
2,3,Giselle Fernandez,George Hamilton,Giselle Fernandez,Giselle Fernandez,True,False,True,4.0,1.0,8
2,4,Master P,Lisa Rinna,Master P,Master P,True,False,True,1.0,2.0,7
2,5,Tia Carrere,George Hamilton,Tia Carrere,Tia Carrere,True,False,True,1.0,1.0,6
2,6,George Hamilton,Jerry Rice,Drew Lachey,Drew Lachey,True,False,True,2.0,3.0,5
2,7,Lisa Rinna,Stacy Keibler,Lisa Rinna,Lisa Rinna,True,False,True,2.0,1.0,4
3,1,Tucker Carlson,Emmitt Smith,Tucker Carlson,Tucker Carlson,True,False,True,1.0,1.0,11
3,2,Shanna Moakler,Sara Evans,Shanna Moakler,Jerry Springer,True,True,True,5.0,1.0,10
3,3,Harry Hamlin,Sara Evans,Harry Hamlin,Harry Hamlin,True,False,True,6.0,1.0,9
3,4,Vivica A. Fox,Emmitt Smith,Vivica A. Fox,Vivica A. Fox,True,False,True,5.0,1.0,8
3,5,Willa Ford,Emmitt Smith,Willa Ford,Joey Lawrence,True,True,False,7.0,1.0,7
3,7,Jerry Springer,Emmitt Smith,Jerry Springer,Jerry Springer,True,False,True,1.0,1.0,5
3,8,Monique Coleman,Emmitt Smith,Monique Coleman,Monique Coleman,True,False,True,1.0,1.0,4
4,2,Paulina Porizkova,John Ratzenberger,Paulina Porizkova,Paulina Porizkova,True,False,True,6.0,1.0,11
4,3,Shandi Finnessey,Ian Ziering,Shandi Finnessey,Clyde Drexler,True,True,True,5.0,1.0,10
4,4,Leeza Gibbons,Joey Fatone,Leeza Gibbons,Clyde Drexler,True,True,True,3.0,1.0,9
4,5,Clyde Drexler,Joey Fatone,Clyde Drexler,Clyde Drexler,True,False,True,1.0,1.0,8
4,6,Heather Mills,Apolo Anton Ohno,Heather Mills,Heather Mills,True,False,True,3.0,1.0,7
4,7,John Ratzenberger,Laila Ali,John Ratzenberger,Billy Ray Cyrus,True,True,True,2.0,1.0,6
4,8,Billy Ray Cyrus,Laila Ali,Billy Ray Cyrus,Billy Ray Cyrus,True,False,True,1.0,1.0,5
4,9,Ian Ziering,Laila Ali,Ian Ziering,Ian Ziering,True,False,True,1.0,1.0,4
5,1,Josie Maran,Helio Castroneves,Josie Maran,Josie Maran,True,False,True,1.0,1.0,12
5,2,Albert Reed,Helio Castroneves,Albert Reed,Wayne Newton,True,True,True,7.0,1.0,11
5,3,Wayne Newton,Jennie Garth,Wayne Newton,Wayne Newton,True,False,True,1.0,1.0,10
5,4,Floyd Mayweather Jr. ,Cameron Mathison,Floyd Mayweather Jr. ,Floyd Mayweather Jr. ,True,False,True,2.0,1.0,9
5,5,Mark Cuban,Helio Castroneves,Mark Cuban,Mark Cuban,True,False,True,2.0,1.0,8
5,6,Sabrina Bryan,Helio Castroneves,Sabrina Bryan,Sabrina Bryan,True,False,True,4.0,1.0,7
5,7,Jane Seymour,Marie Osmond,Jane Seymour,Jane Seymour,True,False,True,1.0,1.0,6
5,8,Cameron Mathison,Helio Castroneves,Cameron Mathison,Marie Osmond,True,True,True,3.0,1.0,5
5,9,Jennie Garth,Helio Castroneves,Jennie Garth,Jennie Garth,True,False,True,2.0,1.0,4
6,2,Penn Jillette,Priscilla Presley,Penn Jillette,Steve Guttenberg,True,True,True,3.0,1.0,12
6,3,Steve Guttenberg,Marlee Matlin,Steve Guttenberg,Steve Guttenberg,True,False,True,5.0,1.0,10
6,4,Adam Carolla,Cristian de la Fuente,Adam Carolla,Adam Carolla,True,False,True,1.0,1.0,9
6,5,Priscilla Presley,Mario,Priscilla Presley,Priscilla Presley,True,False,True,1.0,1.0,8
6,6,Marlee Matlin,Cristian de la Fuente,Marlee Matlin,Marlee Matlin,True,False,True,1.0,1.0,7
6,7,Shannon Elizabeth,Jason Taylor,Shannon Elizabeth,Shannon Elizabeth,True,False,True,3.0,1.0,6
6,8,Mario,Cristian de la Fuente,Mario,Mario,True,False,True,3.0,1.0,5
6,9,Marissa Jaret Winokur,Jason Taylor,Marissa Jaret Winokur,Marissa Jaret Winokur,True,False,True,1.0,1.0,4
7,1,Jeffrey Ross,Warren Sapp,Jeffrey Ross,Jeffrey Ross,True,False,True,1.0,1.0,13
7,2,Kim Kardashian,Warren Sapp,Kim Kardashian,Rocco DiSpirito,True,True,True,3.0,1.0,11
7,4,Rocco DiSpirito,Lance Bass,Rocco DiSpirito,Rocco DiSpirito,True,False,True,1.0,1.0,9
7,5,Toni Braxton,Maurice Greene,Toni Braxton,Toni Braxton,True,False,True,4.0,1.0,8
7,6,Cloris Leachman,Lance Bass,Cloris Leachman,Cloris Leachman,True,False,True,1.0,1.0,7
7,7,Susan Lucci,Maurice Greene,Susan Lucci,Warren Sapp,True,True,True,3.0,1.0,6
7,8,Maurice Greene,Cody Linley,Maurice Greene,Maurice Greene,True,False,True,2.0,1.0,5
7,9,Cody Linley,Lance Bass,Cody Linley,Cody Linley,True,False,True,1.0,1.0,4
8,2,Belinda Carlisle,Denise Richards,Belinda Carlisle,Belinda Carlisle,True,False,True,5.0,1.0,13
8,3,Denise Richards,Shawn Johnson,Denise Richards,Steve Wozniak,True,True,True,3.0,1.0,12
8,4,Holly Madison,Shawn Johnson,Holly Madison,Steve Wozniak,True,True,True,3.0,1.0,11
8,5,David Alan Grier,Lil' Kim,David Alan Grier,Lawrence Taylor,True,True,True,4.0,1.0,9
8,6,Steve-O,Lil' Kim,Steve-O,Steve-O,True,False,True,1.0,1.0,8
8,7,Lawrence Taylor,Melissa Rycroft,Lawrence Taylor,Lawrence Taylor,True,False,True,1.0,1.0,7
8,8,Chuck Wicks,Lil' Kim,Chuck Wicks,Chuck Wicks,True,False,True,2.0,1.0,6
8,9,Lil' Kim,Melissa Rycroft,Lil' Kim,Ty Murray,True,True,True,2.0,1.0,5
8,10,Ty Murray,Gilles Marini,Ty Murray,Ty Murray,True,False,True,1.0,1.0,4
9,1,Macy Gray,Debi Mazar,Macy Gray,Macy Gray,True,False,True,2.0,1.0,16
9,2,Kathy Ireland,Mya,Kathy Ireland,Kathy Ireland,True,False,True,2.0,1.0,14
9,3,Debi Mazar,Mya,Debi Mazar,Debi Mazar,True,False,True,4.0,1.0,13
9,4,Chuck Liddell,Melissa Joan Hart,Chuck Liddell,Michael Irvin,True,True,True,3.0,1.0,11
9,5,Natalie Coughlin,Aaron Carter,Natalie Coughlin,Natalie Coughlin,True,False,True,3.0,1.0,10
9,6,Louie Vito,Aaron Carter,Louie Vito,Louie Vito,True,False,True,3.0,1.0,9
9,7,Michael Irvin,Aaron Carter,Michael Irvin,Michael Irvin,True,False,True,2.0,1.0,7
9,8,Aaron Carter,Mya,Aaron Carter,Aaron Carter,True,False,True,2.0,1.0,5
9,9,Joanna Krupa,Mya,Joanna Krupa,Donny Osmond,True,True,True,3.0,1.0,4
10,2,Shannen Doherty,Nicole Scherzinger,Shannen Doherty,Shannen Doherty,True,False,True,6.0,1.0,11
10,3,Buzz Aldrin,Niecy Nash,Buzz Aldrin,Buzz Aldrin,True,False,True,1.0,1.0,10
10,4,Aiden Turner,Chad Ochocinco,Aiden Turner,Aiden Turner,True,False,True,2.0,1.0,9
10,5,Kate Gosselin,Nicole Scherzinger,Kate Gosselin,Kate Gosselin,True,False,True,1.0,1.0,8
10,6,Jake Pavelka,Chad Ochocinco,Jake Pavelka,Jake Pavelka,True,False,True,1.0,1.0,7
10,7,Pamela Anderson,Evan Lysacek,Pamela Anderson,Pamela Anderson,True,False,True,3.0,1.0,6
10,8,Niecy Nash,Evan Lysacek,Niecy Nash,Niecy Nash,True,False,True,1.0,1.0,5
10,9,Chad Ochocinco,Evan Lysacek,Chad Ochocinco,Chad Ochocinco,True,False,True,1.0,1.0,4
11,1,David Hasselhoff,Jennifer Grey,David Hasselhoff,David Hasselhoff,True,False,True,3.0,1.0,12
11,2,Michael Bolton,Rick Fox,Michael Bolton,Michael Bolton,True,False,True,1.0,1.0,11
11,3,Margaret Cho,Rick Fox,Margaret Cho,Margaret Cho,True,False,True,1.0,1.0,10
11,4,The Situation,Jennifer Grey,The Situation,The Situation,True,False,True,1.0,1.0,9
11,5,Florence Henderson,Kurt Warner,Florence Henderson,Kyle Massey,True,True,True,3.0,1.0,8
11,6,Audrina Patridge,Rick Fox,Audrina Patridge,Audrina Patridge,True,False,True,6.0,1.0,7
11,7,Rick Fox,Jennifer Grey,Rick Fox,Rick Fox,True,False,True,3.0,1.0,6
11,8,Kurt Warner,Jennifer Grey,Kurt Warner,Kurt Warner,True,False,True,2.0,1.0,5
11,9,Brandy,Jennifer Grey,Brandy,Brandy,True,False,True,2.0,1.0,4
12,2,Mike Catherwood,Chris Jericho,Mike Catherwood,Mike Catherwood,True,False,True,3.0,1.0,11
12,3,Wendy Williams,Kendra Wilkinson,Wendy Williams,Wendy Williams,True,False,True,1.0,1.0,10
12,4,Sugar Ray Leonard,Ralph Macchio,Sugar Ray Leonard,Sugar Ray Leonard,True,False,True,2.0,1.0,9
12,5,Petra Nemcova,Chris Jericho,Petra Nemcova,Petra Nemcova,True,False,True,3.0,1.0,8
12,6,Chris Jericho,Romeo,Chris Jericho,Chris Jericho,True,False,True,1.0,1.0,7
12,7,Kendra Wilkinson,Ralph Macchio,Kendra Wilkinson,Romeo,True,True,True,3.0,1.0,6
12,8,Romeo,Kirstie Alley,Romeo,Romeo,True,False,True,2.0,1.0,5
12,9,Ralph Macchio,Hines Ward,Ralph Macchio,Ralph Macchio,True,False,True,1.0,1.0,4
13,1,Metta World Peace (Ron),Hope Solo,Metta World Peace (Ron),Metta World Peace (Ron),True,False,True,1.0,1.0,12
13,2,Elisabetta Canalis,Ricki Lake,Elisabetta Canalis,Elisabetta Canalis,True,False,True,8.0,1.0,11
13,3,Kristin Cavallari,Hope Solo,Kristin Cavallari,Kristin Cavallari,True,False,True,7.0,1.0,10
13,4,Chynna Phillips,Hope Solo,Chynna Phillips,Chynna Phillips,True,False,True,4.0,1.0,9
13,5,Carson Kressley,David Arquette,Carson Kressley,Carson Kressley,True,False,True,1.0,1.0,8
13,6,Chaz Bono,David Arquette,Chaz Bono,Chaz Bono,True,False,True,1.0,1.0,7
13,7,David Arquette,Hope Solo,David Arquette,David Arquette,True,False,True,2.0,1.0,6
13,8,Nancy Grace,Hope Solo,Nancy Grace,Nancy Grace,True,False,True,1.0,1.0,5
13,9,Hope Solo,Rob Kardashian,Hope Solo,Hope Solo,True,False,True,1.0,1.0,4
14,2,Martina Navratilova,William Levy,Martina Navratilova,Martina Navratilova,True,False,True,1.0,1.0,12
14,3,Jack Wagner,William Levy,Jack Wagner,Jack Wagner,True,False,True,5.0,1.0,11
14,4,Sherri Sheperd,Maria Menounos,Sherri Sheperd,Sherri Sheperd,True,False,True,2.0,1.0,10
14,5,Gavin DeGraw,William Levy,Gavin DeGraw,Gavin DeGraw,True,False,True,1.0,1.0,9
14,6,Gladys Knight,William Levy,Gladys Knight,Gladys Knight,True,False,True,1.0,1.0,8
14,7,Jaleel White,William Levy,Jaleel White,Jaleel White,True,False,True,2.0,1.0,7
14,8,Melissa Gilbert,William Levy,Melissa Gilbert,Melissa Gilbert,True,False,True,1.0,1.0,6
14,9,Maria Menounos,William Levy,Maria Menounos,Donald Driver,True,True,False,4.0,1.0,4
15,1,Pamela Anderson,Sabrina Bryan,Pamela Anderson,Pamela Anderson,True,False,True,1.0,1.0,13
15,2,Joey Fatone,Sabrina Bryan,Joey Fatone,Joey Fatone,True,False,True,6.0,1.0,12
15,3,Drew Lachey,Kelly Monaco,Drew Lachey,Drew Lachey,True,False,True,3.0,1.0,11
15,4,Bristol Palin,Kelly Monaco,Bristol Palin,Bristol Palin,True,False,True,2.0,1.0,9
15,6,Sabrina Bryan,Melissa Rycroft,Sabrina Bryan,Gilles Marini,True,True,False,8.0,1.0,8
15,8,Kirstie Alley,Melissa Rycroft,Kirstie Alley,Kirstie Alley,True,False,True,1.0,1.0,7
15,9,Emmitt Smith,Melissa Rycroft,Emmitt Smith,Emmitt Smith,True,False,True,1.0,1.0,5
16,3,Wynonna Judd,Kellie Pickler,Wynonna Judd,Wynonna Judd,True,False,True,1.0,1.0,11
16,4,Lisa Vanderpump,Kellie Pickler,Lisa Vanderpump,Lisa Vanderpump,True,False,True,2.0,1.0,10
16,5,D. L. Hughley,Kellie Pickler,D. L. Hughley,D. L. Hughley,True,False,True,2.0,1.0,9
16,6,Victor Ortiz,Kellie Pickler,Victor Ortiz,Victor Ortiz,True,False,True,1.0,1.0,8
16,7,Andy Dick,Kellie Pickler,Andy Dick,Andy Dick,True,False,True,1.0,1.0,7
16,8,Sean Lowe,Kellie Pickler,Sean Lowe,Sean Lowe,True,False,True,1.0,1.0,6
16,9,Ingo Rademacher,Alexandra Raisman,Ingo Rademacher,Ingo Rademacher,True,False,True,1.0,1.0,5
16,10,Alexandra Raisman,Kellie Pickler,Alexandra Raisman,Alexandra Raisman,True,False,True,2.0,1.0,4
17,2,Keyshawn Johnson,Leah Remini,Keyshawn Johnson,Keyshawn Johnson,True,False,True,2.0,1.0,12
17,3,Bill Nye,"Nicole ""Snooki"" Polizzi",Bill Nye,Bill Nye,True,False,True,2.0,1.0,11
17,4,Valerie Harper,"Nicole ""Snooki"" Polizzi",Valerie Harper,Valerie Harper,True,False,True,1.0,1.0,10
17,5,Christina Milian,"Nicole ""Snooki"" Polizzi",Christina Milian,Leah Remini,True,True,False,9.0,1.0,9
17,7,"Nicole ""Snooki"" Polizzi",Jack Osbourne,"Nicole ""Snooki"" Polizzi",Bill Engvall,True,True,True,4.0,1.0,8
17,8,Brant Daugherty,Jack Osbourne,Brant Daugherty,Elizabeth Berkley Lauren,True,True,True,3.0,1.0,7
17,9,Elizabeth Berkley Lauren,Jack Osbourne,Elizabeth Berkley Lauren,Bill Engvall,True,True,True,5.0,1.0,6
17,10,Leah Remini,Amber Riley,Leah Remini,Leah Remini,True,False,True,2.0,1.0,5
17,11,Bill Engvall,Amber Riley,Bill Engvall,Bill Engvall,True,False,True,1.0,1.0,4
18,2,Diana Nyad,Charlie White,Billy Dee Williams,Billy Dee Williams,True,False,False,,,11
18,5,Cody Simpson,Charlie White,Cody Simpson,Cody Simpson,True,False,True,2.0,1.0,9
18,6,Drew Carey,Charlie White,Drew Carey,Drew Carey,True,False,True,2.0,1.0,8
18,7,NeNe Leakes,Candace Cameron Bure,NeNe Leakes,NeNe Leakes,True,False,True,1.0,1.0,7
18,8,Danica McKellar,Charlie White,Danica McKellar,James Maslow,True,True,True,4.0,1.0,6
18,9,Charlie White,Meryl Davis,Charlie White,Candace Cameron Bure,True,True,True,3.0,1.0,5
18,10,James Maslow,Meryl Davis,James Maslow,Candace Cameron Bure,True,True,True,2.0,1.0,4
19,1,Lolo Jones,Lea Thompson,Lolo Jones,Betsey Johnson,True,True,True,2.0,1.0,13
19,2,Tavis Smiley,Lea Thompson,Tavis Smiley,Tavis Smiley,True,False,True,5.0,1.0,12
19,3,Randy Couture,Tommy Chong,Randy Couture,Randy Couture,True,False,True,1.0,1.0,11
19,4,Betsey Johnson,Lea Thompson,Betsey Johnson,Betsey Johnson,True,False,True,5.0,1.0,10
19,6,Jonathan Bennett,Sadie Robertson,Jonathan Bennett,Jonathan Bennett,True,False,True,5.0,1.0,9
19,7,Antonio Sabato Jr.,Lea Thompson,Antonio Sabato Jr.,Antonio Sabato Jr.,True,False,True,2.0,1.0,8
19,8,Michael Waltrip,Lea Thompson,Michael Waltrip,Michael Waltrip,True,False,True,1.0,1.0,7
19,9,Lea Thompson,Janel Parrish,Lea Thompson,Tommy Chong,True,True,True,2.0,1.0,6
19,10,Tommy Chong,Janel Parrish,Tommy Chong,Tommy Chong,True,False,True,1.0,1.0,5
19,11,Bethany Mota,Janel Parrish,Bethany Mota,Bethany Mota,True,False,True,1.0,1.0,4
20,2,Redfoo,Suzanne Somers,Redfoo,Redfoo,True,False,True,8.0,1.0,12
20,3,Charlotte McKinney,Chris Soules,Charlotte McKinney,Charlotte McKinney,True,False,True,2.0,1.0,11
20,4,Michael Sam,Robert Herjavec,Michael Sam,Michael Sam,True,False,True,4.0,1.0,10
20,5,Suzanne Somers,Nastia Liukin,Suzanne Somers,Suzanne Somers,True,False,True,5.0,1.0,9
20,6,Patti LaBelle,Chris Soules,Patti LaBelle,Patti LaBelle,True,False,True,3.0,1.0,8
20,7,Willow Shields,Robert Herjavec,Willow Shields,Riker Lynch,True,True,True,6.0,1.0,7
20,8,Chris Soules,Rumer Willis,Chris Soules,Noah Galloway,True,True,True,3.0,1.0,6
20,9,Nastia Liukin,Riker Lynch,Nastia Liukin,Noah Galloway,True,True,False,4.0,1.0,4
21,2,Chaka Khan,Carlos PenaVega,Chaka Khan,Chaka Khan,True,False,True,1.0,1.0,13
21,4,Gary Busey,Carlos PenaVega,Gary Busey,Gary Busey,True,False,True,1.0,1.0,10
21,6,Paula Deen,Andy Grammer,Paula Deen,Paula Deen,True,False,True,1.0,1.0,9
21,7,Hayes Grier,Carlos PenaVega,Hayes Grier,Hayes Grier,True,False,True,7.0,1.0,8
21,8,Andy Grammer,Carlos PenaVega,Andy Grammer,Andy Grammer,True,False,True,1.0,1.0,7
21,9,Alexa PenaVega,Carlos PenaVega,Alexa PenaVega,Alexa PenaVega,True,False,False,6.0,1.0,6
21,11,Carlos PenaVega,Nick Carter,Carlos PenaVega,Carlos PenaVega,True,False,False,4.0,1.0,4
22,2,Geraldo Rivera,Jodie Sweetin,Geraldo Rivera,Geraldo Rivera,True,False,True,1.0,1.0,12
22,3,Mischa Barton,Jodie Sweetin,Mischa Barton,Mischa Barton,True,False,True,1.0,1.0,11
22,4,Marla Maples,Wanya Morris,Marla Maples,Marla Maples,True,False,True,3.0,1.0,10
22,6,Doug Flutie,Wanya Morris,Doug Flutie,Doug Flutie,True,False,True,1.0,1.0,9
22,7,Von Miller,Wanya Morris,Von Miller,Von Miller,True,False,True,4.0,1.0,8
22,8,Jodie Sweetin,Ginger Zee,Jodie Sweetin,Paige VanZant,True,True,False,6.0,1.0,6
22,9,Wanya Morris,Nyle DiMarco,Wanya Morris,Paige VanZant,True,True,False,5.0,1.0,5
23,2,Jake T. Austin,Terra Jole,Jake T. Austin,Jake T. Austin,True,False,True,4.0,1.0,13
23,3,Rick Perry,Terra Jole,Rick Perry,Rick Perry,True,False,True,2.0,1.0,12
23,4,Vanilla Ice,Jana Kramer,Vanilla Ice,Vanilla Ice,True,False,True,6.0,1.0,11
23,6,Amber Rose,Jana Kramer,Amber Rose,Amber Rose,True,False,True,1.0,1.0,9
23,7,Maureen McCormick,Calvin Johnson Jr.,Maureen McCormick,Maureen McCormick,True,False,True,3.0,1.0,8
23,8,Ryan Lochte,Calvin Johnson Jr.,Ryan Lochte,Ryan Lochte,True,False,True,3.0,1.0,7
23,9,Marilu Henner,Jana Kramer,Marilu Henner,Marilu Henner,True,False,True,2.0,1.0,6
23,10,Terra Jole,James Hinchcliffe,Terra Jole,Terra Jole,True,False,False,5.0,1.0,5
23,11,Jana Kramer,James Hinchcliffe,Jana Kramer,Jana Kramer,True,False,True,1.0,1.0,4
24,2,Chris Kattan,Rashad Jennings,Chris Kattan,Chris Kattan,True,False,True,2.0,1.0,12
24,3,Charo,Nancy Kerrigan,Charo,Charo,True,False,True,3.0,1.0,11
24,4,Mr. T,Simone Biles,Mr. T,Mr. T,True,False,True,1.0,1.0,10
24,5,Erika Jayne,Nancy Kerrigan,Erika Jayne,David Ross,True,True,True,4.0,1.0,9
24,6,Heather Morris,Rashad Jennings,Heather Morris,David Ross,True,True,False,8.0,1.0,8
24,7,Nick Viall,Rashad Jennings,Nick Viall,David Ross,True,True,True,3.0,1.0,7
24,8,Bonner Bolton,Rashad Jennings,Bonner Bolton,Bonner Bolton,True,False,True,1.0,1.0,5
24,9,Simone Biles,Normani,Simone Biles,David Ross,True,True,False,4.0,1.0,4
25,2,Debbie Gibson,Frankie Muniz,Debbie Gibson,Debbie Gibson,True,False,True,7.0,1.0,13
25,4,Derek Fisher,Terrell Owens,Derek Fisher,Derek Fisher,True,False,True,2.0,1.0,11
25,5,Sasha Pieterse,Lindsey Stirling,Sasha Pieterse,Sasha Pieterse,True,False,True,3.0,1.0,10
25,6,Nick Lachey,Lindsey Stirling,Nick Lachey,Nick Lachey,True,False,True,1.0,1.0,9
25,7,Vanessa Lachey,Drew Scott,Vanessa Lachey,Vanessa Lachey,True,False,True,5.0,1.0,8
25,8,Terrell Owens,Lindsey Stirling,Terrell Owens,Drew Scott,True,True,True,3.0,1.0,6
25,9,Victoria Arlen,Lindsey Stirling,Victoria Arlen,Drew Scott,True,True,True,3.0,1.0,5
25,10,Drew Scott,Lindsey Stirling,Drew Scott,Drew Scott,True,False,True,1.0,1.0,4
26,1,Johnny Damon,Jamie Anderson,Johnny Damon,Kareem Abdul-Jabbar,True,True,True,2.0,1.0,10
26,2,Arike Ogunbowale,Adam Rippon,Arike Ogunbowale,Kareem Abdul-Jabbar,True,True,True,6.0,1.0,8
26,3,Mirai Nagasu,Josh Norman,Mirai Nagasu,Chris Mazdzer,True,True,True,4.0,1.0,6
27,1,Nikki Glaser,DeMarcus Ware,Nikki Glaser,Joe Amabile,True,True,True,2.0,1.0,13
27,2,Danelle Umstead,Milo Manheim,Danelle Umstead,Danelle Umstead,True,False,True,2.0,1.0,12
27,3,Nancy McKeon,Milo Manheim,Nancy McKeon,Nancy McKeon,True,False,True,3.0,1.0,11
27,4,Tinashe,Juan Pablo Di Pace,Tinashe,DeMarcus Ware,True,True,True,9.0,1.0,10
27,6,Mary Lou Retton,Evanna Lynch,Mary Lou Retton,Bobby Bones,True,True,True,4.0,1.0,9
27,7,DeMarcus Ware,Milo Manheim,DeMarcus Ware,DeMarcus Ware,True,False,True,3.0,1.0,8
27,8,Joe Amabile,Evanna Lynch,Joe Amabile,Bobby Bones,True,True,True,2.0,1.0,6
28,2,Mary Wilson,Kate Flannery,Mary Wilson,Lamar Odom,True,True,True,3.0,1.0,12
28,4,Lamar Odom,Ally Brooke,Lamar Odom,Lamar Odom,True,False,True,1.0,1.0,10
28,6,Sailor Brinkley-Cook,Kate Flannery,Sailor Brinkley-Cook,Sailor Brinkley-Cook,True,False,False,9.0,1.0,9
28,7,Karamo Brown,Ally Brooke,Karamo Brown,Karamo Brown,True,False,True,3.0,1.0,8
28,8,Kate Flannery,Kel Mitchell,Kate Flannery,Sean Spicer,True,True,True,3.0,1.0,7
28,9,Sean Spicer,Kel Mitchell,Sean Spicer,Sean Spicer,True,False,True,1.0,1.0,6
28,10,James Van Der Beek,Lauren Alaina,James Van Der Beek,James Van Der Beek,True,False,True,1.0,1.0,5
29,2,Charles Oakley,Justina Machado,Charles Oakley,Charles Oakley,True,False,True,2.0,1.0,15
29,3,Carole Baskin,Johnny Weir,Carole Baskin,Carole Baskin,True,False,True,1.0,1.0,14
29,4,Anne Heche,Skai Jackson,Anne Heche,Anne Heche,True,False,True,4.0,1.0,13
29,5,Jesse Metcalfe,Johnny Weir,Jesse Metcalfe,Jesse Metcalfe,True,False,True,2.0,1.0,12
29,6,Veron Davis,Kaitlyn Bristowe,Veron Davis,Veron Davis,True,False,True,2.0,1.0,11
29,7,Monica Aldama,Skai Jackson,Monica Aldama,Monica Aldama,True,False,True,1.0,1.0,10
29,8,Chrishell Stause,Johnny Weir,Chrishell Stause,Chrishell Stause,True,False,True,4.0,1.0,8
29,9,AJ McLean,Johnny Weir,AJ McLean,AJ McLean,True,False,True,2.0,1.0,7
29,10,Johnny Weir,Nev Schulman,Johnny Weir,Johnny Weir,True,False,True,3.0,1.0,6
30,2,Martin Kove,JoJo Siwa,Martin Kove,Martin Kove,True,False,True,1.0,1.0,15
30,3,Christine Chiu,Amanda Kloots,Christine Chiu,Christine Chiu,True,False,True,8.0,1.0,14
30,4,Matt James,Suni Lee,Matt James,Matt James,True,False,True,2.0,1.0,13
30,5,Melanie C,Suni Lee,Melanie C,"Mike ""The Miz"" Mizanin",True,True,True,9.0,1.0,11
30,6,Kenya Moore,Suni Lee,Kenya Moore,Kenya Moore,True,False,True,1.0,1.0,10
30,7,"Mike ""The Miz"" Mizanin",Jimmie Allen,"Mike ""The Miz"" Mizanin","Mike ""The Miz"" Mizanin",True,False,True,1.0,1.0,9
30,8,Olivia Jade,Suni Lee,Olivia Jade,Olivia Jade,True,False,True,3.0,1.0,8
30,9,Suni Lee,Iman Shumpert,Suni Lee,Melora Hardin,True,True,True,4.0,1.0,6
31,1,Jason Lewis,Gabby Windey,Jason Lewis,Vinny Guadagnino,True,True,True,2.0,1.0,16
31,2,Teresa Giudice,Shangela,Teresa Giudice,Teresa Giudice,True,False,True,2.0,1.0,15
31,3,Cheryl Ladd,Wayne Brady,Cheryl Ladd,Cheryl Ladd,True,False,True,2.0,1.0,14
31,4,Sam Champion,Jordin Sparks,Sam Champion,Sam Champion,True,False,True,1.0,1.0,13
31,5,Joseph Baena,Wayne Brady,Joseph Baena,Joseph Baena,True,False,True,3.0,1.0,12
31,6,Jessie James Decker,Jordin Sparks,Jessie James Decker,Jessie James Decker,True,False,True,2.0,1.0,10
31,7,Jordin Sparks,Wayne Brady,Jordin Sparks,Jordin Sparks,True,False,True,2.0,1.0,9
31,8,Vinny Guadagnino,Wayne Brady,Vinny Guadagnino,Vinny Guadagnino,True,False,True,1.0,1.0,8
31,9,Daniel Durant,Charli D'Amelio,Daniel Durant,Trevor Donovan,True,True,True,2.0,1.0,6
32,1,Matt Walsh,Ariana Madix,Matt Walsh,Matt Walsh,True,False,True,3.0,1.0,14
32,2,Jamie Lynn Spears,Xochitl Gomez,Jamie Lynn Spears,Mauricio Umansky,True,True,True,5.0,1.0,13
32,3,Tyson Beckford,Ariana Madix,Tyson Beckford,Tyson Beckford,True,False,True,1.0,1.0,12
32,4,Adrian Peterson,Xochitl Gomez,Adrian Peterson,Adrian Peterson,True,False,True,6.0,1.0,11
32,5,Mira Sorvino,Barry Williams,Mira Sorvino,Mira Sorvino,True,False,True,3.0,1.0,10
32,6,Mauricio Umansky,Jason Mraz,Mauricio Umansky,Mauricio Umansky,True,False,True,4.0,1.0,9
32,7,Lele Pons,Alyson Hannigan,Lele Pons,Lele Pons,True,False,True,6.0,1.0,8
32,8,Barry Williams,Alyson Hannigan,Barry Williams,Jason Mraz,True,True,True,3.0,1.0,7
32,9,Harry Jowsey,Jason Mraz,Harry Jowsey,Harry Jowsey,True,False,True,1.0,1.0,6
33,2,Anna Delvey,Phaedra Parks,Anna Delvey,Anna Delvey,True,False,True,3.0,1.0,13
33,3,Reginald VelJohnson,Danny Amendola,Reginald VelJohnson,Reginald VelJohnson,True,False,True,1.0,1.0,11
33,4,Brooks Nader,Joey Graziadei,Brooks Nader,Dwight Howard ,True,True,True,6.0,1.0,9
33,5,Phaedra Parks,Ilona Maher,Phaedra Parks,Phaedra Parks,True,False,True,3.0,1.0,8
33,6,Jenn Tran,Dwight Howard ,Jenn Tran,Ilona Maher,True,True,True,5.0,1.0,7
33,7,Dwight Howard ,Chandler Kinney,Dwight Howard ,Dwight Howard ,True,False,True,1.0,1.0,6
34,2,Baron Davis,Whitney Leavitt,Baron Davis,Baron Davis,True,False,True,4.0,1.0,14
34,3,Lauren Jauregui,Whitney Leavitt,Lauren Jauregui,Lauren Jauregui,True,False,True,2.0,1.0,12
34,4,Hilaria Baldwin,Whitney Leavitt,Hilaria Baldwin,Hilaria Baldwin,True,False,True,7.0,1.0,11
34,6,Scott Hoying,Danielle Fishel,Scott Hoying,Scott Hoying,True,False,True,2.0,1.0,10
34,7,Jen Affleck,Robert Irwin,Jen Affleck,Elaine Hendrix,True,True,True,3.0,1.0,9
34,8,Danielle Fishel,Robert Irwin,Danielle Fishel,Danielle Fishel,True,False,True,2.0,1.0,8
34,9,Andy Richter,Dylan Efron,Andy Richter,Andy Richter,True,False,True,1.0,1.0,7
34,10,Whitney Leavitt,Alix Earle,Whitney Leavitt,Elaine Hendrix,True,True,True,5.0,1.0,6
